Instruction,Input,Temperature,Sampling Top-P,Sampling Top-K,Repetition Penalty,Max Tokens,Stream Output,Output,timestamp
Create 500 word summary from the news article,"The Great Compression: How AI Summarization Became the Backbone of the 2026 Information Economy
By Gemini News Service February 9, 2026

SILICON VALLEY — For decades, the ""Information Age"" was defined by abundance. By 2026, that abundance has turned into an avalanche. Data scientists estimate that the average knowledge worker now interfaces with over 150 unique documents, threads, and data streams daily. In response, the tech industry has undergone a radical pivot: we are no longer in the era of search; we are in the era of The Summary.

Artificial Intelligence for summarization has transitioned from a ""neat trick"" performed by chatbots to a mission-critical utility. As of early 2026, enterprise adoption of AI-driven summarization has scaled by over 120%, with companies like Microsoft, Google, and independent labs like Anthropic and DeepSeek racing to perfect the art of the ""lossless condense.""

From ""TL;DR"" to ""Deep Understanding""
The technological foundation of summarization has shifted significantly over the last 24 months. While early 2024 models often relied on extractive summarization—simply pulling key sentences from a text—today's LLMs (Large Language Models) use sophisticated abstractive summarization. These models, such as the ubiquitous Claude 3.7 and GPT-5 series, don't just copy-paste; they synthesize.

Modern summarization architectures now utilize Multi-Head Latent Attention and Agentic Workflows to maintain context over documents that exceed 200,000 tokens. This allows a legal professional to drop a 500-page acquisition agreement into an AI ""agent"" and receive a three-paragraph summary that doesn't just list facts, but identifies ""hidden risks"" based on previous case law.

""The goal is no longer just to make a long text short,"" says Susanna Ray, a lead analyst at Microsoft Source. ""It's about 'Repository Intelligence.' We want the AI to understand the relationships and history behind the words, providing a summary that acts more like a briefing from a senior colleague than a snippet from a search engine.""

The Rise of the Vertical Summarizer
Generic chatbots are being sidelined in favor of ""Vertical Summarizers""—AI tools fine-tuned for specific, high-stakes domains.

1. The Academic and STEM Revolution
Academic research has become the primary beneficiary. Tools like Scholarcy and SciSummary are now standard in university libraries. These systems can ingest a dense physics paper and output ""Flashcards"" that break down the methodology, key findings, and—crucially—potential flaws in the study's logic. By 2026, ""Summarization Bias"" has become a key field of study, as researchers find that LLMs have a tendency to overgeneralize scientific results in up to 30% of cases if not properly constrained.

2. Legal and Compliance Agents
In the legal sector, the ""Summary-First"" workflow has reduced the time spent on discovery by nearly 60%. These tools don't just summarize; they cross-reference. If a contract summary omits a standard liability clause, the AI flags it. This has led to the rise of Sovereign AI, where law firms deploy local, highly secure models to summarize sensitive data without it ever leaving their private servers.

3. The Multimodal Leap
Perhaps the most visible change in 2026 is multimodal summarization. No longer restricted to text, AI can now ""watch"" a three-hour recorded board meeting and provide a minute-by-minute text summary, complete with sentiment analysis (who was hesitant, who was enthusiastic) and a list of action items. This is often rendered as a visual mind map, a feature popularized by tools like Mapify.

The ""Agentic"" Shift: Summarization in Motion
The newest trend for 2026 is the Agentic AI Summarizer. These are not static tools where you paste text and get a result. Instead, they are autonomous agents that live within your workflow.",0.7,0.9,16,1.54,2048,true,Geminianews .com offers original articles written exclusively for us by top journalism graduates across North America...,2026-02-09 17:52:49.373577
